<chapter id="collections">
    <title>Collection Mapping</title>

    <sect1 id="collections-persistent">
        <title>Persistent Collections</title>

        <para>
            NHibernate requires that persistent collection-valued fields be declared
            as a generic interface type, for example:
        </para>
        
        <programlisting><![CDATA[public class Product
{
    public ISet<Part> Parts { get; set; } = new HashSet<Part>();

    public string SerialNumber { get; set; }
}]]></programlisting>
        
        <para>
            The actual interface might be
            <literal>System.Collections.Generic.ICollection&lt;T&gt;</literal>,
            <literal>System.Collections.Generic.IList&lt;T&gt;</literal>,
            <literal>System.Collections.Generic.IDictionary&lt;K, V&gt;</literal>,
            <literal>System.Collections.Generic.ISet&lt;T&gt;</literal>
            or ... anything you like! (Where "anything you like" means you will
            have to write an implementation of <literal>NHibernate.UserType.IUserCollectionType</literal>.)
        </para>
        
        <para>
            Notice how we initialized the instance variable with an instance of
            <literal>HashSet&lt;T&gt;</literal>. This is the best way to initialize collection
            valued properties of newly instantiated (non-persistent) instances. When
            you make the instance persistent - by calling <literal>Save()</literal>,
            for example - NHibernate will actually replace the <literal>HashSet&lt;T&gt;</literal>
            with an instance of NHibernate's own implementation of <literal>ISet&lt;T&gt;</literal>.
            Watch out for errors like this:
        </para>

        <programlisting><![CDATA[Cat cat = new DomesticCat();
Cat kitten = new DomesticCat();
....
ISet<Cat> kittens = new HashSet<Cat>();
kittens.Add(kitten);
cat.Kittens = kittens;
session.Save(cat);
kittens = cat.Kittens; //Okay, kittens collection is an ISet
HashSet<Cat> hs = (HashSet<Cat>) cat.Kittens; //Error!]]></programlisting>

        <para>
            Collection instances have the usual behavior of value types. They are automatically
            persisted when referenced by a persistent object and automatically deleted when
            unreferenced. If a collection is passed from one persistent object to another,
            its elements might be moved from one table to another. Two entities may not share
            a reference to the same collection instance. Due to the underlying relational model,
            collection-valued properties do not support null value semantics; NHibernate does
            not distinguish between a null collection reference and an empty collection.
        </para>

        <para>
            You shouldn't have to worry much about any of this. Just use NHibernate's collections
            the same way you use ordinary .NET collections, but make sure you understand the
            semantics of bidirectional associations (discussed later) before using them.
        </para>

        <para>
            Collection instances are distinguished in the database by a foreign key to
            the owning entity. This foreign key is referred to as the
            <emphasis>collection key </emphasis>. The collection key is mapped by
            the <literal>&lt;key&gt;</literal> element.
        </para>

        <para>
            Collections may contain almost any other NHibernate type, including all basic types,
            custom types, entity types and components. This is an important definition: An object
            in a collection can either be handled with "pass by value" semantics (it therefore
            fully depends on the collection owner) or it can be a reference to another entity
            with an own lifecycle. Collections may not contain other collections. The contained type
            is referred to as the <emphasis>collection element type</emphasis>. Collection elements
            are mapped by <literal>&lt;element&gt;</literal>, <literal>&lt;composite-element&gt;</literal>,
            <literal>&lt;one-to-many&gt;</literal>, <literal>&lt;many-to-many&gt;</literal> or
            <literal>&lt;many-to-any&gt;</literal>. The first two map elements with value semantics,
            the other three are used to map entity associations.
        </para>

        <para>
            All collection types except <literal>ISet</literal> and bag have an <emphasis>index
            </emphasis> column - a column that maps to an array or <literal>IList</literal> index or
            <literal>IDictionary</literal> key. The index of an <literal>IDictionary</literal> may be of any
            basic type, an entity type or even a composite type (it may not be a collection). The
            index of an array or list is always of type <literal>Int32</literal>. Indexes are
            mapped using <literal>&lt;index&gt;</literal>, <literal>&lt;index-many-to-many&gt;</literal>,
            <literal>&lt;composite-index&gt;</literal> or <literal>&lt;index-many-to-any&gt;</literal>.
        </para>

        <para>
            There are quite a range of mappings that can be generated for collections,
            covering many common relational models. We suggest you experiment with the
            schema generation tool to get a feeling for how various mapping declarations
            translate to database tables.
        </para>

    </sect1>

    <sect1 id="collections-mapping">
        <title>Mapping a Collection</title>

        <para>
            Collections are declared by the
            <literal>&lt;set&gt;</literal>,
            <literal>&lt;list&gt;</literal>,
            <literal>&lt;map&gt;</literal>,
            <literal>&lt;bag&gt;</literal>,
            <literal>&lt;array&gt;</literal> and
            <literal>&lt;primitive-array&gt;</literal> elements.
            <literal>&lt;map&gt;</literal> is representative:
        </para>

        <programlistingco>
            <areaspec>
                <area id="mappingcollection1" coords="2 65"/>
                <area id="mappingcollection2" coords="3 65"/>
                <area id="mappingcollection3" coords="4 65"/>
                <area id="mappingcollection4" coords="5 65"/>
                <area id="mappingcollection5" coords="6 65"/>
                <area id="mappingcollection6" coords="7 65"/>
                <area id="mappingcollection7" coords="8 65"/>
                <area id="mappingcollection8" coords="9 65"/>
                <area id="mappingcollection9" coords="10 65"/>
                <area id="mappingcollection10" coords="11 65"/>
                <area id="mappingcollection11" coords="12 65"/>
                <area id="mappingcollection12" coords="13 65"/>
                <area id="mappingcollection13" coords="14 65"/>
                <area id="mappingcollection14" coords="15 65"/>
            </areaspec>
            <programlisting><![CDATA[<map
    name="propertyName"
    table="table_name"
    schema="schema_name"
    lazy="true|false|extra"
    inverse="true|false"
    cascade="all|none|save-update|delete|all-delete-orphan"
    sort="unsorted|natural|comparatorClass"
    order-by="column_name asc|desc"
    where="arbitrary sql where condition"
    fetch="select|join"
    batch-size="N"
    access="field|property|ClassName"
    optimistic-lock="true|false"
    generic="true|false"
>

    <key .... />
    <index .... />
    <element .... />
</map>]]></programlisting>
            <calloutlist>
                <callout arearefs="mappingcollection1">
                    <para>
                        <literal>name</literal> the collection property name
                    </para>
                </callout>
                <callout arearefs="mappingcollection2">
                    <para>
                        <literal>table</literal> (optional - defaults to property name) the
                        name of the collection table (not used for one-to-many associations)
                    </para>
                </callout>
                <callout arearefs="mappingcollection3">
                    <para>
                        <literal>schema</literal> (optional) the name of a table schema to
                        override the schema declared on the root element
                    </para>
                </callout>
                <callout arearefs="mappingcollection4">
                    <para>
                        <literal>lazy</literal> (optional - defaults to <literal>true</literal>)
                        may be used to disable lazy fetching and specify that the association
                        is always eagerly fetched. Using <literal>extra</literal> fetches only the
                        elements that are needed - see <xref linkend="performance-fetching"/> for more information.
                    </para>
                </callout>
                <callout arearefs="mappingcollection5">
                    <para>
                        <literal>inverse</literal> (optional - defaults to <literal>false</literal>)
                        mark this collection as the "inverse" end of a bidirectional association
                    </para>
                </callout>
                <callout arearefs="mappingcollection6">
                    <para>
                        <literal>cascade</literal> (optional - defaults to <literal>none</literal>)
                        enable operations to cascade to child entities
                    </para>
                </callout>
                <callout arearefs="mappingcollection7">
                    <para>
                        <literal>sort</literal> (optional) specify a sorted collection with
                        <literal>natural</literal> sort order, or a given comparator class
                    </para>
                </callout>
                <callout arearefs="mappingcollection8">
                    <para>
                        <literal>order-by</literal> (optional) specify a table column (or columns)
                        that define the iteration order of the <literal>IDictionary</literal>, <literal>ISet</literal>
                        or bag, together with an optional <literal>asc</literal> or <literal>desc</literal>
                    </para>
                </callout>
                <callout arearefs="mappingcollection9">
                    <para>
                        <literal>where</literal> (optional) specify an arbitrary SQL <literal>WHERE</literal>
                        condition to be used when retrieving or removing the collection (useful if the
                        collection should contain only a subset of the available data)
                    </para>
                </callout>
                <callout arearefs="mappingcollection10">
                    <para>
                        <literal>fetch</literal> (optional) Choose between outer-join fetching and fetching
                        by sequential select.
                    </para>
                </callout>
                <callout arearefs="mappingcollection11">
                    <para>
                        <literal>batch-size</literal> (optional, defaults to <literal>1</literal>) specify a
                        "batch size" for lazily fetching instances of this collection.
                    </para>
                </callout>
                <callout arearefs="mappingcollection12">
                    <para>
                        <literal>access</literal> (optional - defaults to <literal>property</literal>): The
                        strategy NHibernate should use for accessing the property value.
                    </para>
                </callout>
                <callout arearefs="mappingcollection13">
                    <para>
                        <literal>optimistic-lock</literal> (optional - defaults to <literal>true</literal>): 
                        Species that changes to the state of the collection results in increment of the
                        owning entity's version. (For one to many associations, it is often reasonable to
                        disable this setting.)
                    </para>
                </callout>
                <callout arearefs="mappingcollection14">
                    <para>
                        <literal>generic</literal> (optional, obsolete): Choose between generic and non-generic
                        collection interfaces. But currently NHibernate only supports generic collections.
                    </para>
                </callout>
            </calloutlist>
        </programlistingco>

        <para>
            The mapping of an <literal>IList</literal> or array requires a separate table column holding the array
            or list index (the <literal>i</literal> in <literal>foo[i]</literal>). If your relational model doesn't
            have an index column, e.g. if you're working with legacy data, use an unordered <literal>ISet</literal>
            instead. This seems to put people off who assume that <literal>IList</literal> should just be a more
            convenient way of accessing an unordered collection. NHibernate collections strictly obey the actual
            semantics attached to the <literal>ISet</literal>, <literal>IList</literal> and <literal>IDictionary</literal>
            interfaces. <literal>IList</literal> elements don't just spontaneously rearrange themselves!
        </para>

        <para>
            On the other hand, people who planned to use the <literal>IList</literal> to emulate
            <emphasis>bag</emphasis> semantics have a legitimate grievance here.
            A bag is an unordered, unindexed collection which may contain the same element multiple times.
            The .NET collections framework lacks an <literal>IBag</literal> interface, hence you have to emulate
            it with an <literal>IList</literal>. NHibernate lets you map properties of type <literal>IList</literal>
            or <literal>ICollection</literal> with the <literal>&lt;bag&gt;</literal> element. Note that bag
            semantics are not really part of the <literal>ICollection</literal> contract and they actually
            conflict with the semantics of the <literal>IList</literal> contract (however, you can sort
            the bag arbitrarily, discussed later in this chapter).
        </para>

        <para>
            Note: Large NHibernate bags mapped with <literal>inverse="false"</literal> are inefficient and
            should be  avoided; NHibernate can't create, delete or update rows individually, because there is
            no key that may be used to identify an individual row.
        </para>

    </sect1>

    <sect1 id="collections-ofvalues">
        <title>Collections of Values and Many-To-Many Associations</title>

        <para>
            A collection table is required for any collection of values and any collection of
            references to other entities mapped as a many-to-many association (the natural semantics
            for a .NET collection). The table requires (foreign) key column(s), element column(s) and
            possibly index column(s).
        </para>

        <para>
            The foreign key from the collection table to the table of the owning class is
            declared using a <literal>&lt;key&gt;</literal> element.
        </para>

        <programlistingco>
            <areaspec>
                <area id="key1" coords="1 45"/>
             </areaspec>
            <programlisting><![CDATA[<key column="column_name"/>]]></programlisting>
            <calloutlist>
                <callout arearefs="element1">
                    <para>
                        <literal>column</literal> (required): The name of the foreign key column.
                    </para>
                </callout>
            </calloutlist>
        </programlistingco>

        <para>
            For indexed collections like maps and lists, we require an <literal>&lt;index&gt;</literal>
            element. For lists, this column contains sequential integers numbered from zero. Make sure
            that your index really starts from zero if you have to deal with legacy data. For maps,
            the column may contain any values of any NHibernate type.
        </para>

        <programlistingco>
            <areaspec>
                <area id="index1" coords="2 45"/>
                <area id="index2" coords="3 45"/>
             </areaspec>
            <programlisting><![CDATA[<index
        column="column_name"
        type="typename"
/>]]></programlisting>
            <calloutlist>
                <callout arearefs="index1">
                    <para>
                        <literal>column</literal> (required): The name of the column holding the
                        collection index values.
                    </para>
                </callout>
                <callout arearefs="index2">
                    <para>
                        <literal>type</literal> (optional, defaults to <literal>Int32</literal>):
                        The type of the collection index.
                    </para>
                </callout>
            </calloutlist>
        </programlistingco>

        <para>
            Alternatively, a map may be indexed by objects of entity type. We use the
            <literal>&lt;index-many-to-many&gt;</literal> element.
        </para>

        <programlistingco>
            <areaspec>
                <area id="indexmanytomany1" coords="2 45"/>
                <area id="indexmanytomany2" coords="3 45"/>
             </areaspec>
            <programlisting><![CDATA[<index-many-to-many
        column="column_name"
        class="ClassName"
/>]]></programlisting>
            <calloutlist>
                <callout arearefs="indexmanytomany1">
                    <para>
                        <literal>column</literal> (required): The name of the foreign key
                        column for the collection index values.
                    </para>
                </callout>
                <callout arearefs="indexmanytomany2">
                    <para>
                        <literal>class</literal> (required): The entity class used as the
                        collection index.
                    </para>
                </callout>
            </calloutlist>
        </programlistingco>

        <para>
            For a collection of values, we use the <literal>&lt;element&gt;</literal> tag.
        </para>

        <programlistingco>
            <areaspec>
                <area id="element1" coords="2 45"/>
                <area id="element2" coords="3 45"/>
             </areaspec>
            <programlisting><![CDATA[<element
        column="column_name"
        type="typename"
/>]]></programlisting>
            <calloutlist>
                <callout arearefs="element1">
                    <para>
                        <literal>column</literal> (required): The name of the column holding the
                        collection element values.
                    </para>
                </callout>
                <callout arearefs="element2">
                    <para>
                        <literal>type</literal> (required): The type of the collection element.
                    </para>
                </callout>
            </calloutlist>
        </programlistingco>

        <para>
            A collection of entities with its own table corresponds to the relational notion
            of <emphasis>many-to-many association</emphasis>. A many to many association is the
            most natural mapping of a .NET collection but is not usually the best relational model.
        </para>

        <programlistingco>
            <areaspec>
                <area id="manytomany1" coords="2 60"/>
                <area id="manytomany2" coords="3 60"/>
                <area id="manytomany3" coords="4 60"/>
                <area id="manytomany4" coords="5 60"/>
            </areaspec>
            <programlisting><![CDATA[<many-to-many
        column="column_name"
        class="ClassName"
        fetch="join|select"
        not-found="ignore|exception"
    />]]></programlisting>
            <calloutlist>
                <callout arearefs="manytomany1">
                    <para>
                        <literal>column</literal> (required): The name of the element foreign key column.
                    </para>
                </callout>
                <callout arearefs="manytomany2">
                    <para>
                        <literal>class</literal> (required): The name of the associated class.
                    </para>
                </callout>
                <callout arearefs="manytomany3">
                    <para>
                        <literal>fetch</literal> (optional, defaults to <literal>join</literal>):
                        enables outer-join or sequential select fetching for this association. This is a
                        special case; for full eager fetching (in a single SELECT) of an entity and its
                        many-to-many relationships to other entities, you would enable join fetching not
                        only of the collection itself, but also with this attribute on the <literal>
                        &lt;many-to-many&gt;</literal> nested element.
                    </para>
                </callout>
                <callout arearefs="manytomany4">
                    <para>
                        <literal>not-found</literal> (optional - defaults to <literal>exception</literal>):
                        Specifies how foreign keys that reference missing rows will be handled:
                        <literal>ignore</literal> will treat a missing row as a null association.
                    </para>
                </callout>
            </calloutlist>
        </programlistingco>

        <para>
            Some examples, first, a set of strings:
        </para>

        <programlisting><![CDATA[<set name="Names" table="NAMES">
    <key column="GROUPID"/>
    <element column="NAME" type="String"/>
</set>]]></programlisting>

        <para>
            A bag containing integers (with an iteration order determined by the
            <literal>order-by</literal> attribute):
        </para>

        <programlisting><![CDATA[<bag name="Sizes" table="SIZES" order-by="SIZE ASC">
    <key column="OWNER"/>
    <element column="SIZE" type="Int32"/>
</bag>]]></programlisting>

        <para>
            An array of entities - in this case, a many to many association (note that
            the entities are lifecycle objects, <literal>cascade="all"</literal>):
        </para>

        <programlisting><![CDATA[<array name="Foos" table="BAR_FOOS" cascade="all">
    <key column="BAR_ID"/>
    <index column="I"/>
    <many-to-many column="FOO_ID" class="Eg.Foo, Eg"/>
</array>]]></programlisting>

        <para>
            A map from string indices to dates:
        </para>

        <programlisting><![CDATA[<map name="Holidays" table="holidays" schema="dbo" order-by="hol_name asc">
    <key column="id"/>
    <index column="hol_name" type="String"/>
    <element column="hol_date" type="Date"/>
</map>]]></programlisting>

        <para>
            A list of components (discussed in the next chapter):
        </para>

        <programlisting><![CDATA[<list name="CarComponents" table="car_components">
    <key column="car_id"/>
    <index column="posn"/>
    <composite-element class="Eg.Car.CarComponent">
            <property name="Price" type="float"/>
            <property name="Type" type="Eg.Car.ComponentType, Eg"/>
            <property name="SerialNumber" column="serial_no" type="String"/>
    </composite-element>
</list>]]></programlisting>

    </sect1>

    <sect1 id="collections-onetomany">
        <title>One-To-Many Associations</title>

        <para>
            A <emphasis>one to many association</emphasis> links the tables of two classes
            <emphasis>directly</emphasis>, with no intervening collection table.
            (This implements a <emphasis>one-to-many</emphasis> relational model.) This
            relational model loses some of the semantics of .NET collections:
        </para>

        <itemizedlist spacing="compact">
            <listitem>
                <para>
                    No null values may be contained in a dictionary, set or list
                </para>
            </listitem>
            <listitem>
                <para>
                    An instance of the contained entity class may not belong to more than
                    one instance of the collection
                </para>
            </listitem>
            <listitem>
                <para>
                    An instance of the contained entity class may not appear at more than
                    one value of the collection index
                </para>
            </listitem>
        </itemizedlist>

        <para>
            An association from <literal>Foo</literal> to <literal>Bar</literal> requires the
            addition of a key column and possibly an index column to the table of the contained
            entity class, <literal>Bar</literal>. These columns are mapped using the
            <literal>&lt;key&gt;</literal> and <literal>&lt;index&gt;</literal> elements
            described above.
        </para>

        <para>
            The <literal>&lt;one-to-many&gt;</literal> tag indicates a one to many association.
        </para>

        <programlistingco>
            <areaspec>
                <area id="onetomany1" coords="2 60"/>
                <area id="onetomany2" coords="3 60"/>
            </areaspec>
            <programlisting><![CDATA[<one-to-many
        class="ClassName"
        not-found="ignore|exception"
    />]]></programlisting>
            <calloutlist>
                <callout arearefs="onetomany1">
                    <para>
                        <literal>class</literal> (required): The name of the associated class.
                    </para>
                </callout>
                <callout arearefs="onetomany2">
                    <para>
                        <literal>not-found</literal> (optional - defaults to <literal>exception</literal>):
                        Specifies how foreign keys that reference missing rows will be handled:
                        <literal>ignore</literal> will treat a missing row as a null association.
                    </para>
                </callout>
            </calloutlist>
        </programlistingco>

        <para>
            Example:
        </para>

        <programlisting><![CDATA[<set name="Bars">
    <key column="foo_id"/>
    <one-to-many class="Eg.Bar, Eg"/>
</set>]]></programlisting>

        <para>
            Notice that the <literal>&lt;one-to-many&gt;</literal> element does not need to
            declare any columns. Nor is it necessary to specify the <literal>table</literal>
            name anywhere.
        </para>

        <para>
            <emphasis>Very Important Note:</emphasis> If the <literal>&lt;key&gt;</literal>
            column of a <literal>&lt;one-to-many&gt;</literal> association is declared
            <literal>NOT NULL</literal>, NHibernate may cause constraint violations
            when it creates or updates the association. To prevent this problem,
            <emphasis>you must use a bidirectional association</emphasis> with the many valued
            end (the set or bag) marked as <literal>inverse="true"</literal>.
            See the discussion of bidirectional associations later in this chapter.
        </para>

    </sect1>

    <sect1 id="collections-lazy">
        <title>Lazy Initialization</title>

        <para>
            Collections (other than arrays) may be lazily initialized, meaning they load
            their state from the database only when the application needs to access it.
            Initialization happens transparently to the user so the application would not
            normally need to worry about this (in fact, transparent lazy initialization is
            the main reason why NHibernate needs its own collection implementations).
            However, if the application tries something like this:
        </para>

        <programlisting><![CDATA[IDictionary<string, int> permissions;
using (s = sessions.OpenSession())
using (ITransaction tx = sessions.BeginTransaction())
{
    var u = s.Load<User>(userId);
    permissions = u.Permissions;
    tx.Commit();
}

int accessLevel = permissions["accounts"];  // Error!]]></programlisting>

        <para>
            It could be in for a nasty surprise. Since the permissions collection was not
            initialized when the <literal>ISession</literal> was committed,
            the collection will never be able to load its state. The fix is to move the
            line that reads from the collection to just before the commit. (There are
            other more advanced ways to solve this problem, however.)
        </para>

        <para>
            Alternatively, use a non-lazy collection. Since lazy initialization can lead to
            bugs like that above, non-laziness is the default. However, it is intended that
            lazy initialization be used for almost all collections, especially for
            collections of entities (for reasons of efficiency).
        </para>

        <para>
            Exceptions that occur while lazily initializing a collection are wrapped in a
            <literal>LazyInitializationException</literal>.
        </para>

        <para>
            Declare a lazy collection using the optional <literal>lazy</literal> attribute:
        </para>

        <programlisting><![CDATA[<set name="Names" table="NAMES" lazy="true">
    <key column="group_id"/>
    <element column="NAME" type="String"/>
</set>]]></programlisting>

        <para>
            In some application architectures, particularly where the code that accesses data
            using NHibernate, and the code that uses it are in different application layers, it
            can be a problem to ensure that the <literal>ISession</literal> is open when a
            collection is initialized. There are two basic ways to deal with this issue:
        </para>

        <itemizedlist>
            <listitem>
                <para>
                    In a web-based application, an event handler can be used to close the
                    <literal>ISession</literal> only at the very end of a user request, once
                    the rendering of the view is complete. Of course, this places heavy
                    demands upon the correctness of the exception handling of your application
                    infrastructure. It is vitally important that the <literal>ISession</literal>
                    is closed and the transaction ended before returning to the user, even
                    when an exception occurs during rendering of the view. The event handler
                    has to be able to access the <literal>ISession</literal> for this approach.
                    We recommend that the current <literal>ISession</literal> is stored in the
                    <literal>HttpContext.Items</literal> collection (see chapter 1,
                    <xref linkend="quickstart-playingwithcats"/>, for an example implementation).
                </para>
            </listitem>
            <listitem>
                <para>
                    In an application with a separate business tier, the business logic must
                    "prepare" all collections that will be needed by the web tier before
                    returning. This means that the business tier should load all the data and
                    return all the data already initialized to the presentation/web tier that
                    is required for a particular use case. Usually, the application calls
                    <literal>NHibernateUtil.Initialize()</literal> for each collection that will
                    be needed in the web tier (this call must occur before the session is closed)
                    or retrieves the collection eagerly using a NHibernate query with a
                    <literal>FETCH</literal> clause.
                </para>
            </listitem>
            <listitem>
                <para>
                    You may also attach a previously loaded object to a new <literal>ISession</literal>
                    with <literal>Update()</literal> or <literal>Lock()</literal> before
                    accessing uninitialized collections (or other proxies). NHibernate can not
                    do this automatically, as it would introduce ad hoc transaction semantics!
                </para>
            </listitem>
        </itemizedlist>

        <para>
            You can use the <literal>CreateFilter()</literal> method of the NHibernate ISession API to
            get the size of a collection without initializing it:
        </para>

        <programlisting><![CDATA[var count = s
    .CreateFilter(collection, "select count(*)")
    .UniqueResult<long>();]]></programlisting>

        <para>
            <literal>CreateFilter()</literal> is also used to
            efficiently retrieve subsets of a collection without needing to initialize the whole
            collection.
        </para>

    </sect1>

    <sect1 id="collections-sorted" revision="1">
        <title>Sorted Collections</title>

        <para>
            NHibernate supports collections implemented by <literal>System.Collections.Generic.SortedList&lt;T&gt;</literal> and
            <literal>System.Collections.Generic.SortedSet&lt;T&gt;</literal>. You must specify a comparer in the mapping file:
        </para>

        <programlisting><![CDATA[<set name="Aliases" table="person_aliases" sort="natural">
    <key column="person"/>
    <element column="name" type="String"/>
</set>

<map name="Holidays" sort="My.Custom.HolidayComparer, MyAssembly" lazy="true">
    <key column="year_id"/>
    <index column="hol_name" type="String"/>
    <element column="hol_date" type="Date"/>
</map>]]></programlisting>

        <para>
            Allowed values of the <literal>sort</literal> attribute are <literal>unsorted</literal>,
            <literal>natural</literal> and the name of a class implementing
            <literal>System.Collections.Generic.IComparer&lt;T&gt;</literal>.
        </para>

        <para>
            If you want the database itself to order the collection elements use the
            <literal>order-by</literal> attribute of <literal>set</literal>, <literal>bag</literal>
            or <literal>map</literal> mappings. This performs the ordering in the SQL query, not in
            memory.
        </para>

        <para>
            Setting the <literal>order-by</literal> attribute tells NHibernate to use
            <literal>Iesi.Collections.Generic.LinkedHashSet</literal> class
            internally for sets, maintaining the order of the elements. It is not supported on maps.
        </para>

        <programlisting><![CDATA[<set name="Aliases" table="person_aliases" order-by="name asc">
    <key column="person"/>
    <element column="name" type="String"/>
</set>

<map name="Holidays" order-by="hol_date, hol_name" lazy="true">
    <key column="year_id"/>
    <index column="hol_name" type="String"/>
    <element column="hol_date type="Date"/>
</map>]]></programlisting>

        <para>
            Note that the value of the <literal>order-by</literal> attribute is an SQL ordering, not
            a HQL ordering!
        </para>

        <para>
            Associations may even be sorted by some arbitrary criteria at runtime using a
            <literal>CreateFilter()</literal>.
        </para>

        <programlisting><![CDATA[sortedUsers = s
    .CreateFilter(group.Users, "order by this.Name")
    .List<User>();]]></programlisting>

    </sect1>

   <sect1 id="collections-idbag" revision="1">
        <title>Using an <literal>&lt;idbag&gt;</literal></title>

        <para>
            If you've fully embraced our view that composite keys are a bad thing and that
            entities should have synthetic identifiers (surrogate keys), then you might
            find it a bit odd that the many to many associations and collections of values
            that we've shown so far all map to tables with composite keys! Now, this point
            is quite arguable; a pure association table doesn't seem to benefit much from
            a surrogate key (though a collection of composite values <emphasis>might</emphasis>).
            Nevertheless, NHibernate provides a feature that allows you to map many to many
            associations and collections of values to a table with a surrogate key.
        </para>

        <para>
            The <literal>&lt;idbag&gt;</literal> element lets you map a <literal>List</literal>
            (or <literal>Collection</literal>) with bag semantics.
        </para>

<programlisting><![CDATA[<idbag name="Lovers" table="LOVERS" lazy="true">
    <collection-id column="ID" type="Int64">
        <generator class="hilo"/>
    </collection-id>
    <key column="PERSON1"/>
    <many-to-many column="PERSON2" class="Eg.Person" fetch="join"/>
</idbag>]]></programlisting>

        <para>
            As you can see, an <literal>&lt;idbag&gt;</literal> has a synthetic id generator,
            just like an entity class! A different surrogate key is assigned to each collection
            row. NHibernate does not provide any mechanism to discover the surrogate key value
            of a particular row, however.
        </para>

        <para>
            Note that the update performance of an <literal>&lt;idbag&gt;</literal> is
            <emphasis>much</emphasis> better than a regular <literal>&lt;bag&gt;</literal>!
            NHibernate can locate individual rows efficiently and update or delete them
            individually, just like a list, map or set.
        </para>

        <para>
            As of version 2.0, the <literal>native</literal> identifier generation
            strategy is supported for <literal>&lt;idbag&gt;</literal> collection identifiers.
        </para>

    </sect1>

    <sect1 id="collections-bidirectional">
        <title>Bidirectional Associations</title>

        <para>
            A <emphasis>bidirectional association</emphasis> allows navigation from both
            "ends" of the association. Two kinds of bidirectional association are
            supported:

            <variablelist>
                <varlistentry>
                    <term>one-to-many</term>
                    <listitem>
                        <para>
                            set or bag valued at one end, single-valued at the other
                        </para>
                    </listitem>
                </varlistentry>
                <varlistentry>
                    <term>many-to-many</term>
                    <listitem>
                        <para>
                            set or bag valued at both ends
                        </para>
                    </listitem>
                </varlistentry>
            </variablelist>

        </para>

        <para>
            You may specify a bidirectional many-to-many association simply by mapping two
            many-to-many associations to the same database table and declaring one end as
            <emphasis>inverse</emphasis> (which one is your choice). Here's an example of
            a bidirectional many-to-many association from a class back to <emphasis>itself</emphasis>
            (each category can have many items and each item can be in many categories):
        </para>

        <programlisting><![CDATA[<class name="NHibernate.Auction.Category, NHibernate.Auction">
  <id name="Id" column="ID"/>
  ...
  <bag name="Items" table="CATEGORY_ITEM" lazy="true">
    <key column="CATEGORY_ID"/>
    <many-to-many class="NHibernate.Auction.Item, NHibernate.Auction" column="ITEM_ID"/>
  </bag>
</class>

<class name="NHibernate.Auction.Item, NHibernate.Auction">
  <id name="id" column="ID"/>
  ...

  <!-- inverse end -->
  <bag name="categories" table="CATEGORY_ITEM" inverse="true" lazy="true">
    <key column="ITEM_ID"/>
    <many-to-many class="NHibernate.Auction.Category, NHibernate.Auction"
        column="CATEGORY_ID"/>
  </bag>
</class>]]></programlisting>

        <para>
            Changes made only to the inverse end of the association are <emphasis>not</emphasis>
            persisted. This means that NHibernate has two representations in memory for every
            bidirectional association, one link from A to B and another link from B to A. This
            is easier to understand if you think about the .NET object model and how we create
            a many-to-many relationship in C#:
        </para>

        <programlisting><![CDATA[
category.Items.Add(item);          // The category now "knows" about the relationship
item.Categories.Add(category);     // The item now "knows" about the relationship

session.Update(item);                     // No effect, nothing will be saved!
session.Update(category);                 // The relationship will be saved]]></programlisting>

        <para>
            The non-inverse side is used to save the in-memory representation to the database.
            We would get an unnecessary INSERT/UPDATE and probably even a foreign key violation
            if both would trigger changes! The same is of course also true for bidirectional
            one-to-many associations.
        </para>

        <para>
            You may map a bidirectional one-to-many association by mapping a one-to-many association
            to the same table column(s) as a many-to-one association and declaring the many-valued
            end <literal>inverse="true"</literal>.
        </para>

        <programlisting><![CDATA[<class name="Eg.Parent, Eg">
    <id name="Id" column="id"/>
    ....
    <set name="Children" inverse="true" lazy="true">
        <key column="parent_id"/>
        <one-to-many class="Eg.Child, Eg"/>
    </set>
</class>

<class name="Eg.Child, Eg">
    <id name="Id" column="id"/>
    ....
    <many-to-one name="Parent" class="Eg.Parent, Eg" column="parent_id"/>
</class>]]></programlisting>

        <para>
            Mapping one end of an association with <literal>inverse="true"</literal> doesn't
            affect the operation of cascades, both are different concepts!
        </para>

    </sect1>

    <sect1 id="collections-indexedbidirectional">
        <title>Bidirectional associations with indexed collections</title>

        <para>
            There are some additional considerations for bidirectional mappings with indexed collections
            (where one end is represented as a <literal>&lt;list&gt;</literal> or <literal>&lt;map&gt;</literal>)
            when using NHibernate mapping files. If there is a property of the child class that maps to the
            index column you can use <literal>inverse="true"</literal> on the collection mapping:
        </para>

        <programlisting><![CDATA[<class name="Parent">
    <id name="Id" column="parent_id"/>
    ....
    <map name="Children" inverse="true">
        <key column="parent_id"/>
        <map-key column="name"
            type="string"/>
        <one-to-many class="Child"/>
    </map>
</class>

<class name="Child">
    <id name="Id" column="child_id"/>
    ....
    <property name="Name" column="name"
        not-null="true"/>
    <many-to-one name="Parent"
        class="Parent"
        column="parent_id"
        not-null="true"/>
</class>]]></programlisting>

        <para>
            If there is no such property on the child class, the association cannot be considered truly
            bidirectional. That is, there is information available at one end of the association that is not
            available at the other end. In this case, you cannot map the collection
            <literal>inverse="true"</literal>. Instead, you could use the following mapping:
        </para>

        <programlisting><![CDATA[<class name="Parent">
    <id name="Id" column="parent_id"/>
    ....
    <map name="Children">
        <key column="parent_id"
            not-null="true"/>
        <map-key column="name"
            type="string"/>
        <one-to-many class="Child"/>
    </map>
</class>

<class name="Child">
    <id name="Id" column="child_id"/>
    ....
    <many-to-one name="Parent"
        class="Parent"
        column="parent_id"
        insert="false"
        update="false"
        not-null="true"/>
</class>]]></programlisting>

        <para>
            Note that in this mapping, the collection-valued end of the association is responsible for
            updates to the foreign key.
        </para>

    </sect1>

    <sect1 id="collections-ternary">
        <title>Ternary Associations</title>

        <para>
            There are two possible approaches to mapping a ternary association. One approach is to use
            composite elements (discussed below). Another is to use an <literal>IDictionary</literal> with an
            association as its index:
        </para>

        <programlisting><![CDATA[<map name="Contracts" lazy="true">
    <key column="employer_id"/>
    <index-many-to-many column="employee_id" class="Employee"/>
    <one-to-many class="Contract"/>
</map>]]></programlisting>
            
            <programlisting><![CDATA[<map name="Connections" lazy="true">
    <key column="node1_id"/>
    <index-many-to-many column="node2_id" class="Node"/>
    <many-to-many column="connection_id" class="Connection"/>
</map>]]></programlisting>
            
	</sect1>
	
	<sect1 id="collections-heterogeneous">
	    <title>Heterogeneous Associations</title>

	    <para>
	        The <literal>&lt;many-to-any&gt;</literal> and <literal>&lt;index-many-to-any&gt;</literal>
	        elements provide for true heterogeneous associations. These mapping elements work in the
	        same way as the <literal>&lt;any&gt;</literal> element - and should also be used
	        rarely, if ever.
	    </para>

	</sect1>

    <sect1 id="collections-example">
        <title>Collection examples</title>

        <para>
            The previous sections are pretty confusing. So lets look at an example. This
            class:
        </para>

        <programlisting><![CDATA[using System;
using System.Collections.Generic;

namespace Eg

    public class Parent
    {
        public long Id { get; set; }

        private ISet<Child> Children { get; set; }

        ....
        ....
    }
}]]></programlisting>

        <para>
            has a collection of <literal>Eg.Child</literal> instances. If each
            child has at most one parent, the most natural mapping is a one-to-many
            association:
        </para>

        <programlisting><![CDATA[<hibernate-mapping xmlns="urn:nhibernate-mapping-2.2"
    assembly="Eg" namespace="Eg">

    <class name="Parent">
        <id name="Id">
            <generator class="sequence"/>
        </id>
        <set name="Children" lazy="true">
            <key column="parent_id"/>
            <one-to-many class="Child"/>
        </set>
    </class>

    <class name="Child">
        <id name="Id">
            <generator class="sequence"/>
        </id>
        <property name="Name"/>
    </class>

</hibernate-mapping>]]></programlisting>

        <para>
            This maps to the following table definitions:
        </para>

        <programlisting><![CDATA[create table parent (Id bigint not null primary key)
create table child (Id bigint not null primary key, Name varchar(255), parent_id bigint)
alter table child add constraint childfk0 (parent_id) references parent]]></programlisting>

        <para>
            If the parent is <emphasis>required</emphasis>, use a bidirectional one-to-many
            association:
        </para>

        <programlisting><![CDATA[<hibernate-mapping xmlns="urn:nhibernate-mapping-2.2"
    assembly="Eg" namespace="Eg">

    <class name="Parent">
        <id name="Id">
            <generator class="sequence"/>
        </id>
        <set name="Children" inverse="true" lazy="true">
            <key column="parent_id"/>
            <one-to-many class="Child"/>
        </set>
    </class>

    <class name="Child">
        <id name="Id">
            <generator class="sequence"/>
        </id>
        <property name="Name"/>
        <many-to-one name="parent" class="Parent" column="parent_id" not-null="true"/>
    </class>

</hibernate-mapping>]]></programlisting>

        <para>
            Notice the <literal>NOT NULL</literal> constraint:
        </para>

        <programlisting><![CDATA[create table parent ( Id bigint not null primary key )
create table child ( Id bigint not null
                     primary key,
                     Name varchar(255),
                     parent_id bigint not null )
alter table child add constraint childfk0 (parent_id) references parent]]></programlisting>

        <para>
            On the other hand, if a child might have multiple parents, a many-to-many
            association is appropriate:
        </para>

        <programlisting><![CDATA[<hibernate-mapping xmlns="urn:nhibernate-mapping-2.2"
    assembly="Eg" namespace="Eg">

    <class name="Parent">
        <id name="Id">
            <generator class="sequence"/>
        </id>
        <set name="Children" lazy="true" table="childset">
            <key column="parent_id"/>
            <many-to-many class="Child" column="child_id"/>
        </set>
    </class>

    <class name="eg.Child">
        <id name="Id">
            <generator class="sequence"/>
        </id>
        <property name="Name"/>
    </class>

</hibernate-mapping>]]></programlisting>

        <para>
            Table definitions:
        </para>

        <programlisting><![CDATA[create table parent ( Id bigint not null primary key )
create table child ( Id bigint not null primary key, name varchar(255) )
create table childset ( parent_id bigint not null,
                        child_id bigint not null,
                        primary key ( parent_id, child_id ) )
alter table childset add constraint childsetfk0 (parent_id) references parent
alter table childset add constraint childsetfk1 (child_id) references child]]></programlisting>

        <para>
            See also <xref linkend="example-parentchild" />.
        </para>

    </sect1>

</chapter>
