<chapter id="queryhql">
    <title>HQL: The Hibernate Query Language</title>
    
    <para>
        NHibernate is equipped with an extremely powerful query language that (quite intentionally)
        looks very much like SQL. But don't be fooled by the syntax; HQL is fully object-oriented,
        understanding notions like inheritance, polymorphism and association.
    </para>

    <sect1 id="queryhql-casesensitivity">
        <title>Case Sensitivity</title>

        <para>
            Queries are case-insensitive, except for names of .NET classes and properties.
            So <literal>SeLeCT</literal> is the same as
            <literal>sELEct</literal> is the same as
            <literal>SELECT</literal> but
            <literal>Eg.FOO</literal> is not
            <literal>Eg.Foo</literal> and
            <literal>foo.barSet</literal> is not
            <literal>foo.BARSET</literal>.
        </para>
        
        <para>
            This manual uses lowercase HQL keywords. Some users find queries with uppercase keywords 
            more readable, but we find this convention ugly when embedded in C# code.
        </para>
        
    </sect1>

    <sect1 id="queryhql-from">
        <title>The from clause</title>

        <para>
            The simplest possible NHibernate query is of the form:
        </para>
        
        <programlisting><![CDATA[from Eg.Cat]]></programlisting>
        
        <para>
            which simply returns all instances of the class <literal>Eg.Cat</literal>. 
        </para>
        
        <para>
            Most of the time, you will need to assign an <emphasis>alias</emphasis>, since
            you will want to refer to the <literal>Cat</literal> in other parts of the
            query.
        </para>

        <programlisting><![CDATA[from Eg.Cat as cat]]></programlisting>

        <para>
            This query assigns the alias <literal>cat</literal> to <literal>Cat</literal>
            instances, so we could use that alias later in the query. The <literal>as</literal>
            keyword is optional; we could also write:
        </para>
        
        <programlisting><![CDATA[from Eg.Cat cat]]></programlisting>
        
        <para>
            Multiple classes may appear, resulting in a cartesian product or "cross" join.
        </para>
        
        <programlisting><![CDATA[from Formula, Parameter]]></programlisting>
        <programlisting><![CDATA[from Formula as form, Parameter as param]]></programlisting>
        
        <para>
            It is considered good practice to name query aliases using an initial lowercase,
            consistent with naming standards for local variables
            (eg. <literal>domesticCat</literal>).
        </para>
        
    </sect1>

    <sect1 id="queryhql-joins">
        <title>Associations and joins</title>

        <para>
            We may also assign aliases to associated entities, or even to elements of a collection of
            values, using a <literal>join</literal>.
        </para>

        <programlisting><![CDATA[from Eg.Cat as cat 
    inner join cat.Mate as mate
    left outer join cat.Kittens as kitten

from Eg.Cat as cat left join cat.Mate.Kittens as kittens

from Formula form full join form.Parameter param]]></programlisting>

        <para>
            The supported join types are borrowed from ANSI SQL
        </para>

        <itemizedlist spacing="compact">
            <listitem>
                <para>
                    <literal>inner join</literal>
                </para>
            </listitem>
            <listitem>
                <para>
                    <literal>left outer join</literal>
                </para>
            </listitem>
            <listitem>
                <para>
                    <literal>right outer join</literal>
                </para>
            </listitem>
            <listitem>
                <para>
                    <literal>full join</literal> (not usually useful)
                </para>
            </listitem>
        </itemizedlist>
    
        <para>
            The <literal>inner join</literal>, <literal>left outer join</literal> and 
            <literal>right outer join</literal> constructs may be abbreviated.
        </para>

        <programlisting><![CDATA[from Eg.Cat as cat 
    join cat.Mate as mate
    left join cat.Kittens as kitten]]></programlisting>
    
        <para>
            In addition, a "fetch" join allows associations or collections of values to be 
            initialized along with their parent objects, using a single select. This is particularly 
            useful in the case of a collection. It effectively overrides the outer join and
            lazy declarations of the mapping file for associations and collections. See
            <xref linkend="performance-fetching"/> for more information.
        </para>
    
        <programlisting><![CDATA[from Eg.Cat as cat 
    inner join fetch cat.Mate
    left join fetch cat.Kittens]]></programlisting>
    
        <para>
            The associated objects are not returned directly in the query results. Instead, they may 
            be accessed via the parent object.
        </para>

        <para>
            It is possible to create a cartesian product by join fetching more than one collection in
            a query, so take care in this case. Join fetching multiple collection roles is also
            disabled for bag mappings. Note also that the <literal>fetch</literal> construct may not
            be used in queries called using <literal>Enumerable()</literal>. Finally, note that
            <literal>full join fetch</literal> and <literal>right join fetch</literal> are not meaningful.
        </para>

    </sect1>

    <sect1 id="queryhql-select">
        <title>The select clause</title>

        <para>
            The <literal>select</literal> clause picks which objects and properties to return in 
            the query result set. Consider:
        </para>

        <programlisting><![CDATA[select mate 
from Eg.Cat as cat 
    inner join cat.Mate as mate]]></programlisting>

        <para>
            The query will select <literal>Mate</literal>s of other <literal>Cat</literal>s.
            Actually, you may express this query more compactly as:
        </para>

        <programlisting><![CDATA[select cat.Mate from Eg.Cat cat]]></programlisting>
        
        <para>
            You may even select collection elements, using the special <literal>elements</literal>
            function. The following query returns all kittens of any cat.
        </para>
        
        <programlisting><![CDATA[select elements(cat.Kittens) from Eg.Cat cat]]></programlisting>

        <para>
            Queries may return properties of any value type including properties of component type:
        </para>

        <programlisting><![CDATA[select cat.Name from Eg.DomesticCat cat
where cat.Name like 'fri%'

select cust.Name.FirstName from Customer as cust]]></programlisting>

        <para>
            Queries may return multiple objects and/or properties as an array of type 
            <literal>object[]</literal>
        </para>

        <programlisting><![CDATA[select mother, offspr, mate.Name 
from Eg.DomesticCat as mother
    inner join mother.Mate as mate
    left outer join mother.Kittens as offspr]]></programlisting>
        
        <para>
            or as an actual type-safe object
        </para>
        
        <programlisting><![CDATA[select new Family(mother, mate, offspr)
from Eg.DomesticCat as mother
    join mother.Mate as mate
    left join mother.Kittens as offspr]]></programlisting>
        
        <para>
            assuming that the class <literal>Family</literal> has an appropriate constructor.
        </para>
         
    </sect1>

    <sect1 id="queryhql-aggregation">
        <title>Aggregate functions</title>

        <para>
            HQL queries may even return the results of aggregate functions on properties:
        </para>

        <programlisting><![CDATA[select avg(cat.Weight), sum(cat.Weight), max(cat.Weight), count(cat)
from Eg.Cat cat]]></programlisting>

        <para>
            Collections may also appear inside aggregate functions in the <literal>select</literal> 
            clause.
        </para>

        <programlisting><![CDATA[select cat, count( elements(cat.Kittens) ) 
from Eg.Cat cat group by cat.Id, cat.Weight, ...]]></programlisting>

        <para>
            The supported aggregate functions are
        </para>

        <itemizedlist spacing="compact">
            <listitem>
                <para>
                    <literal>avg(...), sum(...), min(...), max(...)</literal>
                </para>
            </listitem>
            <listitem>
                <para>
                    <literal>count(*)</literal>
                </para>
            </listitem>
            <listitem>
                <para>
                    <literal>count(...), count(distinct ...), count(all...)</literal>
                </para>
            </listitem>
        </itemizedlist>
    
        <para>
            The <literal>distinct</literal> and <literal>all</literal> keywords may be used and have
            the same semantics as in SQL.
        </para>

        <programlisting><![CDATA[select distinct cat.Name from Eg.Cat cat

select count(distinct cat.Name), count(cat) from Eg.Cat cat]]></programlisting>
    
    </sect1>
    
    <sect1 id="queryhql-polymorphism">
        <title>Polymorphic queries</title>

        <para>
            A query like:
        </para>

        <programlisting><![CDATA[from Eg.Cat as cat]]></programlisting>

        <para>
            returns instances not only of <literal>Cat</literal>, but also of subclasses like
            <literal>DomesticCat</literal>. NHibernate queries may name <emphasis>any</emphasis> .NET 
            class or interface in the <literal>from</literal> clause. The query will return instances 
            of all persistent classes that extend that class or implement the interface. The following 
            query would return all persistent objects:
        </para>
        
        <programlisting><![CDATA[from System.Object o]]></programlisting>
        
        <para>
            The interface <literal>INamed</literal> might be implemented by various persistent
            classes:
        </para>
        
        <programlisting><![CDATA[from Eg.Named n, Eg.Named m where n.Name = m.Name]]></programlisting>
        
        <para>
            Note that these last two queries will require more than one SQL <literal>SELECT</literal>. This
            means that the <literal>order by</literal> clause does not correctly order the whole result set.
        </para>
		<para>
			In order to use non-mapped base classes or interfaces in HQL queries, they have to be imported. See <xref linkend="mapping-declaration-import"/> for more information.
		</para>
    </sect1>

    <sect1 id="queryhql-where">
        <title>The where clause</title>

        <para>
            The <literal>where</literal> clause allows you to narrow the list of instances returned.
        </para>

        <programlisting><![CDATA[from Eg.Cat as cat where cat.Name='Fritz']]></programlisting>

        <para>
            returns instances of <literal>Cat</literal> named 'Fritz'.
        </para>

        <programlisting><![CDATA[select foo 
from Eg.Foo foo, Eg.Bar bar
where foo.StartDate = bar.Date]]></programlisting>

        <para>
            will return all instances of <literal>Foo</literal> for which
            there exists an instance of <literal>Bar</literal> with a
            <literal>Date</literal> property equal to the
            <literal>StartDate</literal> property of the
            <literal>Foo</literal>. Compound path expressions make the
            <literal>where</literal> clause extremely powerful. Consider:
        </para>

        <programlisting><![CDATA[from Eg.Cat cat where cat.Mate.Name is not null]]></programlisting>

        <para>
            This query translates to an SQL query with a table (inner) join. If you were to write
            something like
        </para>

        <programlisting><![CDATA[from Eg.Foo foo  
where foo.Bar.Baz.Customer.Address.City is not null]]></programlisting>

        <para>
            you would end up with a query that would require four table joins in SQL.
        </para>

        <para>
            The <literal>=</literal> operator may be used to compare not only properties, but also 
            instances:
        </para>

        <programlisting><![CDATA[from Eg.Cat cat, Eg.Cat rival where cat.Mate = rival.Mate

select cat, mate 
from Eg.Cat cat, Eg.Cat mate
where cat.Mate = mate]]></programlisting>

        <para>
            The special property (lowercase) <literal>id</literal> may be used to reference the 
            unique identifier of an object. (You may also use its property name.)
        </para>

        <programlisting><![CDATA[from Eg.Cat as cat where cat.id = 123

from Eg.Cat as cat where cat.Mate.id = 69]]></programlisting>

        <para>
            The second query is efficient. No table join is required!
        </para>

        <para>
            Properties of composite identifiers may also be used. Suppose <literal>Person</literal> 
            has a composite identifier consisting of <literal>Country</literal> and 
            <literal>MedicareNumber</literal>.
        </para>

        <programlisting><![CDATA[from Bank.Person person
where person.id.Country = 'AU' 
    and person.id.MedicareNumber = 123456

from Bank.Account account
where account.Owner.id.Country = 'AU' 
    and account.Owner.id.MedicareNumber = 123456]]></programlisting>

        <para>
            Once again, the second query requires no table join.
        </para>
            
        <para>
            Likewise, the special property <literal>class</literal> accesses the discriminator value
            of an instance in the case of polymorphic persistence. A .Net class name embedded in the 
            where clause will be translated to its discriminator value.
        </para>

        <programlisting><![CDATA[from Eg.Cat cat where cat.class = Eg.DomesticCat]]></programlisting>
        
        <para>
            You may also specify properties of components or composite user types (and of components 
            of components, etc). Never try to use a path-expression that ends in a property of component 
            type (as opposed to a property of a component). For example, if <literal>store.Owner</literal>
            is an entity with a component <literal>Address</literal>
        </para>

        <programlisting><![CDATA[store.Owner.Address.City    // okay
store.Owner.Address         // error!]]></programlisting>

        <para>
            An "any" type has the special properties <literal>id</literal> and <literal>class</literal>,
            allowing us to express a join in the following way (where <literal>AuditLog.Item</literal>
            is a property mapped with <literal>&lt;any&gt;</literal>).
        </para>
       
        <programlisting><![CDATA[from Eg.AuditLog log, Eg.Payment payment 
where log.Item.class = 'Eg.Payment, Eg, Version=...' and log.Item.id = payment.id]]></programlisting>
    
        <para>
            Notice that <literal>log.Item.class</literal> and <literal>payment.class</literal>
            would refer to the values of completely different database columns in the above query.
        </para>
        
    </sect1>

    <sect1 id="queryhql-expressions">
        <title>Expressions</title>

        <para>
            Expressions allowed in the <literal>where</literal> clause include
            most of the kind of things you could write in SQL:
        </para>

        <itemizedlist spacing="compact">
            <listitem>
                <para>
                    mathematical operators <literal>+, -, *, /</literal>
                </para>
            </listitem>
            <listitem>
                <para>
                    binary comparison operators <literal>=, &gt;=, &lt;=, &lt;&gt;, !=, like</literal>
                </para>
            </listitem>
            <listitem>
                <para>
                    logical operations <literal>and, or, not</literal>
                </para>
            </listitem>
            <listitem>
                <para>
                    string concatenation ||
                </para>
            </listitem>
            <listitem>
                <para>
                    SQL scalar functions like <literal>upper()</literal> and
                    <literal>lower()</literal>
                </para>
            </listitem>
            <listitem>
                <para>
                    Parentheses <literal>( )</literal> indicate grouping
                </para>
            </listitem>
            <listitem>
                <para>
                    <literal>in</literal>,
                    <literal>between</literal>,
                    <literal>is null</literal>
                </para>
            </listitem>
            <listitem>
                <para>
                    positional parameters <literal>?</literal>
                </para>
            </listitem>
            <listitem>
                <para>
                    named parameters <literal>:name</literal>, <literal>:start_date</literal>, <literal>:x1</literal>
                </para>
            </listitem>
            <listitem>
                <para>
                    SQL literals <literal>'foo'</literal>, <literal>69</literal>, <literal>'1970-01-01 10:00:01.0'</literal>
                </para>
            </listitem>
            <listitem>
                <para>
                    Enumeration values and constants <literal>Eg.Color.Tabby</literal>
                </para>
            </listitem>
        </itemizedlist>

        <para>
            <literal>in</literal> and <literal>between</literal> may be used as follows:
        </para>

        <programlisting><![CDATA[from Eg.DomesticCat cat where cat.Name between 'A' and 'B'

from Eg.DomesticCat cat where cat.Name in ( 'Foo', 'Bar', 'Baz' )]]></programlisting>

        <para>
            and the negated forms may be written
        </para>

        <programlisting><![CDATA[from Eg.DomesticCat cat where cat.Name not between 'A' and 'B'

from Eg.DomesticCat cat where cat.Name not in ( 'Foo', 'Bar', 'Baz' )]]></programlisting>

        <para>
            Likewise, <literal>is null</literal> and <literal>is not null</literal> may be used to test 
            for null values.
        </para>

        <para>
            Booleans may be easily used in expressions by declaring HQL query substitutions in NHibernate
            configuration:
        </para>

        <programlisting><![CDATA[<property name="query.substitutions">true 1, false 0</property>]]></programlisting>

        <para>
            This will replace the keywords <literal>true</literal> and <literal>false</literal> with the
            literals <literal>1</literal> and <literal>0</literal> in the translated SQL from this HQL:
        </para>

        <programlisting><![CDATA[from Eg.Cat cat where cat.Alive = true]]></programlisting>

        <para>
            You may test the size of a collection with the special property <literal>size</literal>, or
            the special <literal>size()</literal> function.
        </para>

        <programlisting><![CDATA[from Eg.Cat cat where cat.Kittens.size > 0

from Eg.Cat cat where size(cat.Kittens) > 0]]></programlisting>

        <para>
            For indexed collections, you may refer to the minimum and maximum indices using
            <literal>minIndex</literal> and <literal>maxIndex</literal>. Similarly, you may refer to the
            minimum and maximum elements of a collection of basic type using <literal>minElement</literal> 
            and <literal>maxElement</literal>.
        </para>
        
        <programlisting><![CDATA[from Calendar cal where cal.Holidays.maxElement > current date]]></programlisting>
        
        <para>
            There are also functional forms (which, unlike the constructs above, are not case sensitive):
        </para>
        
        <programlisting><![CDATA[from Order order where maxindex(order.Items) > 100

from Order order where minelement(order.Items) > 10000]]></programlisting>
        
        <para>
            The SQL functions <literal>any, some, all, exists, in</literal> are supported when passed the element 
            or index set of a collection (<literal>elements</literal> and <literal>indices</literal> functions)
            or the result of a sub-query (see below).
        </para>

        <programlisting><![CDATA[select mother from Eg.Cat as mother, Eg.Cat as kit
where kit in elements(mother.Kittens)

select p from Eg.NameList list, Eg.Person p
where p.Name = some elements(list.Names)

from Eg.Cat cat where exists elements(cat.Kittens)

from Eg.Player p where 3 > all elements(p.Scores)

from Eg.Show show where 'fizard' in indices(show.Acts)]]></programlisting>

        <para>
            Note that these constructs - <literal>size</literal>, <literal>elements</literal>,
            <literal>indices</literal>, <literal>minIndex</literal>, <literal>maxIndex</literal>,
            <literal>minElement</literal>, <literal>maxElement</literal> - have certain usage 
            restrictions:
        </para>
        
        <itemizedlist spacing="compact">
            <listitem>
                <para>
                    in a <literal>where</literal> clause: only for databases with sub-selects
                </para>
            </listitem>
            <listitem>
                <para>
                    in a <literal>select</literal> clause: only <literal>elements</literal> and 
                    <literal>indices</literal> make sense
                </para>
            </listitem>
        </itemizedlist>
        
        <para>
            Elements of indexed collections (arrays, lists, maps) may be referred to by
            index (in a where clause only):
        </para>
        
        <programlisting><![CDATA[from Order order where order.Items[0].id = 1234

select person from Person person, Calendar calendar
where calendar.Holidays['national day'] = person.BirthDay
    and person.Nationality.Calendar = calendar

select item from Item item, Order order
where order.Items[ order.DeliveredItemIndices[0] ] = item and order.id = 11

select item from Item item, Order order
where order.Items[ maxindex(order.items) ] = item and order.id = 11]]></programlisting>

        <para>
            The expression inside <literal>[]</literal> may even be an arithmetic expression.
        </para>
        
        <programlisting><![CDATA[select item from Item item, Order order
where order.Items[ size(order.Items) - 1 ] = item]]></programlisting>
        
        <para>
            HQL also provides the built-in <literal>index()</literal> function, for elements of
            a one-to-many association or collection of values.
        </para>

        <programlisting><![CDATA[select item, index(item) from Order order 
    join order.Items item
where index(item) < 5]]></programlisting>

        <para>
            Scalar SQL functions supported by the underlying database may be used
        </para>

        <programlisting><![CDATA[from Eg.DomesticCat cat where upper(cat.Name) like 'FRI%']]></programlisting>

        <para>
            If you are not yet convinced by all this, think how much longer and less readable the 
            following query would be in SQL:
        </para>

        <programlisting><![CDATA[select cust
from Product prod,
    Store store
    inner join store.Customers cust
where prod.Name = 'widget'
    and store.Location.Name in ( 'Melbourne', 'Sydney' )
    and prod = all elements(cust.CurrentOrder.LineItems)]]></programlisting>

        <para>
            <emphasis>Hint:</emphasis> something like
        </para>

        <programlisting><![CDATA[SELECT cust.name, cust.address, cust.phone, cust.id, cust.current_order
FROM customers cust,
    stores store,
    locations loc,
    store_customers sc,
    product prod
WHERE prod.name = 'widget'
    AND store.loc_id = loc.id
    AND loc.name IN ( 'Melbourne', 'Sydney' )
    AND sc.store_id = store.id
    AND sc.cust_id = cust.id
    AND prod.id = ALL(
        SELECT item.prod_id
        FROM line_items item, orders o
        WHERE item.order_id = o.id
            AND cust.current_order = o.id
    )]]></programlisting>

    </sect1>

    <sect1 id="queryhql-ordering">
        <title>The order by clause</title>

        <para>
            The list returned by a query may be ordered by any property of a returned class or components:
        </para>

        <programlisting><![CDATA[from Eg.DomesticCat cat
order by cat.Name asc, cat.Weight desc, cat.Birthdate]]></programlisting>

        <para>
            The optional <literal>asc</literal> or <literal>desc</literal> indicate ascending or descending order 
            respectively.
        </para>
    </sect1>

    <sect1 id="queryhql-grouping">
        <title>The group by clause</title>

        <para>
            A query that returns aggregate values may be grouped by any property of a returned class or components:
        </para>

        <programlisting><![CDATA[select cat.Color, sum(cat.Weight), count(cat) 
from Eg.Cat cat
group by cat.Color

select foo.id, avg( elements(foo.Names) ), max( indices(foo.Names) ) 
from Eg.Foo foo
group by foo.id]]></programlisting>

        <para>
            Note: You may use the <literal>elements</literal> and <literal>indices</literal> constructs
            inside a select clause, even on databases with no sub-selects.
        </para>

        <para>
            A <literal>having</literal> clause is also allowed.
        </para>

        <programlisting><![CDATA[select cat.color, sum(cat.Weight), count(cat) 
from Eg.Cat cat
group by cat.Color 
having cat.Color in (Eg.Color.Tabby, Eg.Color.Black)]]></programlisting>

        <para>
            SQL functions and aggregate functions are allowed in the <literal>having</literal>
            and <literal>order by</literal> clauses, if supported by the underlying database (ie.
            not in MySQL).
        </para>

        <programlisting><![CDATA[select cat
from Eg.Cat cat
    join cat.Kittens kitten
group by cat.Id, cat.Name, cat.Other, cat.Properties
having avg(kitten.Weight) > 100
order by count(kitten) asc, sum(kitten.Weight) desc]]></programlisting>

        <para>
            Note that neither the <literal>group by</literal> clause nor the
            <literal>order by</literal> clause may contain arithmetic expressions.
            Also note that NHibernate currently does not expand a grouped entity,
            so you can't write <literal>group by cat</literal> if all properties
            of <literal>cat</literal> are non-aggregated. You have to list all
            non-aggregated properties explicitly.
        </para>

    </sect1>
    
    <sect1 id="queryhql-subqueries">
        <title>Sub-queries</title>
        
        <para>
            For databases that support sub-selects, NHibernate supports sub-queries within queries. A sub-query must
            be surrounded by parentheses (often by an SQL aggregate function call). Even correlated sub-queries
            (sub-queries that refer to an alias in the outer query) are allowed.
        </para>

        <programlisting><![CDATA[from Eg.Cat as fatcat 
where fatcat.Weight > ( 
    select avg(cat.Weight) from Eg.DomesticCat cat 
)

from Eg.DomesticCat as cat 
where cat.Name = some ( 
    select name.NickName from Eg.Name as name 
)
    
from Eg.Cat as cat 
where not exists ( 
    from eg.Cat as mate where mate.Mate = cat 
)

from Eg.DomesticCat as cat 
where cat.Name not in ( 
    select name.NickName from Eg.Name as name 
)]]></programlisting>

    </sect1>

    <sect1 id="queryhql-examples">
        <title>HQL examples</title>
        
        <para>
            NHibernate queries can be quite powerful and complex. In fact, the power of the query language
            is one of NHibernate's main selling points. Here are some example queries very similar to queries
            that I used on a recent project. Note that most queries you will write are much simpler than these!
        </para>
        
        <para>
            The following query returns the order id, number of items and total value of the order for all 
            unpaid orders for a particular customer and given minimum total value, ordering the results by 
            total value. In determining the prices, it uses the current catalog. The resulting SQL query, 
            against the <literal>ORDER</literal>, <literal>ORDER_LINE</literal>, <literal>PRODUCT</literal>,
            <literal>CATALOG</literal> and <literal>PRICE</literal> tables has four inner joins and an
            (uncorrelated) subselect.
        </para>
        
        <programlisting><![CDATA[select order.id, sum(price.Amount), count(item)
from Order as order
    join order.LineItems as item
    join item.Product as product,
    Catalog as catalog
    join catalog.Prices as price
where order.Paid = false
    and order.Customer = :customer
    and price.Product = product
    and catalog.EffectiveDate < sysdate
    and catalog.EffectiveDate >= all (
        select cat.EffectiveDate 
        from Catalog as cat
        where cat.EffectiveDate < sysdate
    )
group by order
having sum(price.Amount) > :minAmount
order by sum(price.Amount) desc]]></programlisting>
        
        <para>
            What a monster! Actually, in real life, I'm not very keen on sub-queries, so my query was 
            really more like this:
        </para>
        
        <programlisting><![CDATA[select order.id, sum(price.amount), count(item)
from Order as order
    join order.LineItems as item
    join item.Product as product,
    Catalog as catalog
    join catalog.Prices as price
where order.Paid = false
    and order.Customer = :customer
    and price.Product = product
    and catalog = :currentCatalog
group by order
having sum(price.Amount) > :minAmount
order by sum(price.Amount) desc]]></programlisting>
        
        <para>
            The next query counts the number of payments in each status, excluding all payments in the
            <literal>AwaitingApproval</literal> status where the most recent status change was made by the 
            current user. It translates to an SQL query with two inner joins and a correlated subselect 
            against the <literal>PAYMENT</literal>, <literal>PAYMENT_STATUS</literal> and 
            <literal>PAYMENT_STATUS_CHANGE</literal> tables.
        </para>

        <programlisting><![CDATA[select count(payment), status.Name 
from Payment as payment 
    join payment.CurrentStatus as status
    join payment.StatusChanges as statusChange
where payment.Status.Name <> PaymentStatus.AwaitingApproval
    or (
        statusChange.TimeStamp = ( 
            select max(change.TimeStamp) 
            from PaymentStatusChange change 
            where change.Payment = payment
        )
        and statusChange.User <> :currentUser
    )
group by status.Name, status.SortOrder
order by status.SortOrder]]></programlisting>

        <para>
            If I would have mapped the <literal>StatusChanges</literal> collection as a list, instead of a set, 
            the query would have been much simpler to write.
        </para>
    
        <programlisting><![CDATA[select count(payment), status.Name 
from Payment as payment
    join payment.CurrentStatus as status
where payment.Status.Name <> PaymentStatus.AwaitingApproval
    or payment.StatusChanges[ maxIndex(payment.StatusChanges) ].User <> :currentUser
group by status.Name, status.SortOrder
order by status.SortOrder]]></programlisting>

        <para>
            The next query uses the MS SQL Server <literal>isNull()</literal> function to return all
            the accounts and unpaid payments for the organization to which the current user belongs.
            It translates to an SQL query with three inner joins, an outer join and a subselect against 
            the <literal>ACCOUNT</literal>, <literal>PAYMENT</literal>, <literal>PAYMENT_STATUS</literal>,
            <literal>ACCOUNT_TYPE</literal>, <literal>ORGANIZATION</literal> and 
            <literal>ORG_USER</literal> tables.
        </para>

        <programlisting><![CDATA[select account, payment
from Account as account
    left outer join account.Payments as payment
where :currentUser in elements(account.Holder.Users)
    and PaymentStatus.Unpaid = isNull(payment.CurrentStatus.Name, PaymentStatus.Unpaid)
order by account.Type.SortOrder, account.AccountNumber, payment.DueDate]]></programlisting>

        <para>
            For some databases, we would need to do away with the (correlated) subselect.
        </para>

        <programlisting><![CDATA[select account, payment
from Account as account
    join account.Holder.Users as user
    left outer join account.Payments as payment
where :currentUser = user
    and PaymentStatus.Unpaid = isNull(payment.CurrentStatus.Name, PaymentStatus.Unpaid)
order by account.Type.SortOrder, account.AccountNumber, payment.DueDate]]></programlisting>

   </sect1>

    <sect1 id="queryhql-tipstricks">
        <title>Tips &amp; Tricks</title>

        <para>
            You can count the number of query results without actually returning them:
        </para>

        <programlisting><![CDATA[var count = session.CreateQuery("select count(*) from ....").UniqueResult<long>();]]></programlisting>

        <para>
            To order a result by the size of a collection, use the following query:
        </para>

        <programlisting><![CDATA[select usr.id, usr.Name
from User as usr 
    left join usr.Messages as msg
group by usr.id, usr.Name
order by count(msg)]]></programlisting>

        <para>
            If your database supports sub-selects, you can place a condition upon selection
            size in the where clause of your query:
        </para>

        <programlisting><![CDATA[from User usr where size(usr.Messages) >= 1]]></programlisting>

        <para>
            If your database doesn't support sub-selects, use the following query:
        </para>

        <programlisting><![CDATA[select usr.id, usr.Name
from User usr
    join usr.Messages msg
group by usr.id, usr.Name
having count(msg) >= 1]]></programlisting>

        <para>
            As this solution can't return a <literal>User</literal> with zero messages
            because of the inner join, the following form is also useful:
        </para>

        <programlisting><![CDATA[select usr.id, usr.Name
from User as usr
    left join usr.Messages as msg
group by usr.id, usr.Name
having count(msg) = 0]]></programlisting>

        <para>
            Properties of an object can be bound to named query parameters:
        </para>

        <programlisting><![CDATA[IQuery q =
    s.CreateQuery("from foo in class Foo where foo.Name=:Name and foo.Size=:Size");
q.SetProperties(fooBean); // fooBean has properties Name and Size
var foos = q.List<Foo>();]]></programlisting>

        <para>
            Collections are pageable by using the <literal>IQuery</literal> interface with a filter:
        </para>

        <programlisting><![CDATA[IQuery q = s.CreateFilter( collection, "" ); // the trivial filter
q.setMaxResults(PageSize);
q.setFirstResult(PageSize * pageNumber);
var page = q.List<Cat>();]]></programlisting>

        <para>
            Collection elements may be ordered or grouped using a query filter:
        </para>
        
        <programlisting><![CDATA[var orderedCollection = s
    .CreateFilter(collection, "order by this.Amount")
    .List<Cat>();
var counts = s
    .CreateFilter(collection,
        "select this.Type, count(this) group by this.Type")
    .List<object[]>();]]></programlisting>

    </sect1>

</chapter>

