<?xml version="1.0" ?>
<project xmlns="http://nant.sf.net/release/0.85-rc3/nant.xsd">
	<!--
		if Visual Studio Help Integration Kit has been installed
		then change this to true or include -D:vshik.installed=true in the command line.
		It generates Visual Studio.NET 2003 documentation.
	-->
	<property name="vshik.installed" value="false" overwrite="false" />
	<property name="vshik.path" value="${environment::get-folder-path('ProgramFiles')}/Microsoft Help 2.0 SDK" />

	<!-- Path to the folder that contain the external assemblies -->
	<property name="lib.dir" value="lib" dynamic="true" />

	<!-- This is used only for build folder -->
	<!-- TODO: Either remove or refactor to use NHibernate.props -->
	<property name="project.version" value="5.1.3" overwrite="false" />
	<property name="project.version.numeric" value="5.1.3" overwrite="false" />

	<!-- properties used to connect to database for testing -->
	<include buildfile="nhibernate-properties.xml" />

	<target name="common.init" description="Initializes build properties">
		<property name="project.config" value="debug" overwrite="false" />
		<property name="build.name" value="NHibernate-${project.version}" if="${project.config == 'release'}"/>
		<property name="build.name" value="NHibernate-${project.version}-${project.config}" unless="${project.config == 'release'}" />
		<property name="build.config" value="Release" if="${project.config == 'release'}"/>
		<property name="build.config" value="Debug" unless="${project.config == 'release'}" />
		<property name="build.root.dir" value="${root.dir}/build/${build.name}" />
		<property name="build.dir" value="${build.root.dir}" />
		<property name="testresults.dir" 	value="${build.dir}/bin/test-results" />
		<property name="tools.dir" value="${root.dir}/Tools"/>
	</target>

	<target name="common.download-nuget" depends="common.init">
		<get 
			src="https://dist.nuget.org/win-x86-commandline/latest/nuget.exe" 
			dest="${tools.dir}/nuget.exe" 
			usetimestamp="true"
		/>
	</target>

	<target name="common.nuget-restore" depends="common.init common.download-nuget">
		<exec basedir="${tools.dir}" workingdir="${root.dir}/Tools" program="NuGet.exe">
			<arg value="install" />
		</exec>
	</target>

</project>
