<refentry id="htmlhelp.enhanced.decompilation">
<refmeta>
<refentrytitle>htmlhelp.enhanced.decompilation</refentrytitle>
<refmiscinfo role="type">boolean</refmiscinfo>
</refmeta>
<refnamediv>
<refname>htmlhelp.enhanced.decompilation</refname>
<refpurpose>Allow enhanced decompilation of CHM?</refpurpose>
</refnamediv>

<refsynopsisdiv>
<src:fragment id='htmlhelp.enhanced.decompilation.frag'>
<xsl:param name="htmlhelp.enhanced.decompilation" select="0"/>
</src:fragment>
</refsynopsisdiv>

<refsect1><title>Description</title>

<para>When set to 1 this parameter enables enhanced decompilation of CHM.</para>

</refsect1>
</refentry>
