<refentry id="section.title.level3.properties">
<refmeta>
<refentrytitle>section.title.level3.properties</refentrytitle>
<refmiscinfo role="type">attribute set</refmiscinfo>
</refmeta>
<refnamediv>
<refname>section.title.level3.properties</refname>
<refpurpose>Properties for level-1 section titles</refpurpose>
</refnamediv>

<refsynopsisdiv>
<src:fragment id='section.title.level3.properties.frag'>
<xsl:attribute-set name="section.title.level3.properties">
  <xsl:attribute name="font-size">
    <xsl:value-of select="$body.font.master * 1.44"/>
    <xsl:text>pt</xsl:text>
  </xsl:attribute>
</xsl:attribute-set>
</src:fragment>
</refsynopsisdiv>

<refsect1><title>Description</title>

<para>The properties of level-3 section titles.</para>

</refsect1>
</refentry>
