<refentry id="shade.verbatim">
<refmeta>
<refentrytitle>shade.verbatim</refentrytitle>
<refmiscinfo role="type">boolean</refmiscinfo>
</refmeta>
<refnamediv>
<refname>shade.verbatim</refname>
<refpurpose>Should verbatim environments be shaded?</refpurpose>
</refnamediv>

<refsynopsisdiv>
<src:fragment id='shade.verbatim.frag'><xsl:param name="shade.verbatim" select="0"/></src:fragment>
</refsynopsisdiv>

<refsect1><title>Description</title>

<para>FIXME:</para>

</refsect1>
</refentry>
